{
    "curve2": {
        "weld_A": 4.170529801324503,
        "remove_stick_A": 0.0910596026490067,
        "starting_A": 3.4056291390728477,
        "arc_ending_A": 1.8758278145695364,
        "equation": "y = 0.025x + 0.091"
    },
    "curve1": {
        "weld_V": 3.261,
        "arc_ending_V": 2.585,
        "remove_stick_V": 0.050000000000000044,
        "starting_V": 3.261,
        "equation": "y = 0.169x + 0.050"
    }
}