{
    "curve2": {
        "weld_A": 5.548387096774194,
        "remove_stick_A": 3.290322580645161,
        "starting_A": 6.193548387096774,
        "arc_ending_A": 2.967741935483871,
        "equation": "y = 0.032x + 1.677"
    },
    "curve1": {
        "weld_V": -0.11290322580645161,
        "arc_ending_V": -0.12903225806451613,
        "remove_stick_V": -0.16129032258064516,
        "starting_V": -0.14193548387096774,
        "equation": "y = 0.032x + -0.161"
    }
}